acc_id,acc_type,acc_status,acc_public,acc_lat,acc_lon,acc_date,acc_activity,acc_travel_mode,acc_no_caught,acc_no_buried,acc_no_killed,report,Rscale,Dscale,time,setting,atype,aspect,elevation,slope,trigger,trigDesc,surface,slopeDesc,acc_location
3,inv,published,1,38,-107,11-Feb-10,Backcountry Tourer,,2,1,1,https://classic.avalanche.state.co.us/caic/acc/acc_report.php?accfm=inv&acc_id=3,3,2,3:00 PM,Backcountry,SS,E,11650,42,AS - Skier,u - An unintentional release,G - At Ground/Ice/Firm,"Convex Slope,Unsupported Slope,Dense Trees","Near Ridgway Hut, Sneffels Range"
23,inv,published,1,38,-107,27-Dec-09,Backcountry Tourer,Ski,2,1,0,https://classic.avalanche.state.co.us/caic/acc/acc_report.php?accfm=inv&acc_id=23,2,1,10:00 AM,Backcountry,SS,E,--,32,AF - Foot penetration,u - An unintentional release,I - New/Old Interface,Planar Slope,"Kebler, CO"
30,inv,published,1,39,-106,14-Feb-10,Backcountry Tourer,Ski,2,0,0,https://classic.avalanche.state.co.us/caic/acc/acc_report.php?accfm=inv&acc_id=30,4,2,2:20 PM,Backcountry,SS,NE,10930,38,AS - Skier,u - An unintentional release,O - Within Old Snow,"Planar Slope,Sparse Trees","Mt Yeckel, Near Margy's Hut above the town of Lenado"
39,inv,published,1,37,-107,6-Jan-10,Backcountry Tourer,Ski,1,0,0,https://classic.avalanche.state.co.us/caic/acc/acc_report.php?accfm=inv&acc_id=39,5,1,3:30 PM,Backcountry,HS,SE,3567,36,AS - Skier,u - An unintentional release,G - At Ground/Ice/Firm,Convex Slope,Picayne Gulch
41,inv,published,1,39.79952,-105.80136,11-Jan-10,Backcountry Tourer,Foot,1,0,0,https://classic.avalanche.state.co.us/caic/acc/acc_report.php?accfm=inv&acc_id=41,2,2,11:25 AM,Backcountry,HS,E,12240,35,AC - Cornice fall triggered by explosive action,u - An unintentional release,O - Within Old Snow,"Cornice,Below Cornice","No Name Peak, Berthoud Pass"
42,inv,published,1,39.5595,-106.34039,6-Jan-10,Sidecountry Rider,,1,0,1,https://classic.avalanche.state.co.us/caic/acc/acc_report.php?accfm=inv&acc_id=42,3,2,11:25 AM,Sidecountry,SS,NW,10900,37,AR - Snowboarder,Unknown,O - Within Old Snow,"Planar Slope,Dense Trees",Battle Mountain - outside Vail Mountain ski area
57,inv,published,1,39.9213,-105.67374,15-Feb-10,Backcountry Tourer,Ski,0,0,0,https://classic.avalanche.state.co.us/caic/acc/acc_report.php?accfm=inv&acc_id=57,2,2,Unknown,Backcountry,SS,E,10800,40,AS - Skier,u - An unintentional release,S - Within Storm Snow,"Convex Slope,Sparse Trees,Gully/Couloir","Above Forest Lakes, Moffat Tunnel"
72,inv,published,1,39.901625,-105.667384,26-Feb-10,Backcountry Tourer,Ski,1,1,0,https://classic.avalanche.state.co.us/caic/acc/acc_report.php?accfm=inv&acc_id=72,2,2,8:30 AM,Backcountry,SS,E,10940,48,AS - Skier,u - An unintentional release,S - Within Storm Snow,Concave Slope,"South of Arapaho Lakes, west of Rollinsville"
81,inv,published,1,39,-106,23-Feb-10,Backcountry Tourer,,1,1,1,https://classic.avalanche.state.co.us/caic/acc/acc_report.php?accfm=inv&acc_id=81,3,3,4:00 PM,Backcountry,SS,NW,10600,37,AS - Skier,u - An unintentional release,O - Within Old Snow,Sparse Trees,Ashcroft- Near Lindley Hut
98,inv,published,1,39,-107,7-Mar-10,Snowmobiler,Snowmobile,0,0,0,https://classic.avalanche.state.co.us/caic/acc/acc_report.php?accfm=inv&acc_id=98,,,2:00 PM,Backcountry,--,NE,9943,42,AM - Snowmobile,u - An unintentional release,--,Concave Slope,"Cliff Lake Overlook, Flattops-White River National Forest"
108,inv,published,1,38.32872,-106.23696,12-Mar-10,Snowmobiler,,1,0,1,https://classic.avalanche.state.co.us/caic/acc/acc_report.php?accfm=inv&acc_id=108,2,2,Unknown,Backcountry,SS,W,12000,--,AM - Snowmobile,--,O - Within Old Snow,Sparse Trees,Mt Antora
118,inv,published,1,39.63599,-105.88544,10-Mar-10,Sidecountry Rider,,1,0,1,https://classic.avalanche.state.co.us/caic/acc/acc_report.php?accfm=inv&acc_id=118,2,2,3:00 PM,Sidecountry,SS,NW,11720,39,AR - Snowboarder,u - An unintentional release,G - At Ground/Ice/Firm,Gully/Couloir,"Steep Gully #1, backcountry near Arapahoe Basin Ski Area"
120,inv,published,1,39,-106,26-Feb-10,Sidecountry Rider,Ski,2,1,0,https://classic.avalanche.state.co.us/caic/acc/acc_report.php?accfm=inv&acc_id=120,4,3,3:00 PM,Sidecountry,SS,NW,10534,43,AS - Skier,u - An unintentional release,O - Within Old Snow,"Planar Slope,Sparse Trees","Ophir Gulch, Aspen Mountain Side Country"
122,inv,published,1,37.83267,-107.7449,21-Mar-10,Backcountry Tourer,,2,0,0,https://classic.avalanche.state.co.us/caic/acc/acc_report.php?accfm=inv&acc_id=122,2,3,1:00 PM,Backcountry,HS,NW,11950,39,AS - Skier,u - An unintentional release,O - Within Old Snow,Concave Slope,"Peak 12,442 (Battleship Avalanche Path) NW of Silverton"
139,inv,published,1,38.12291,-107.67303,30-Mar-10,Backcountry Tourer,,1,1,1,https://classic.avalanche.state.co.us/caic/acc/acc_report.php?accfm=inv&acc_id=139,3,3,1:00 PM,Backcountry,WS,N,9302,36,N -  Natural,--,O - Within Old Snow,"Unsupported Slope,Gully/Couloir","Near Baldy Peak, southeast of Ridgway"
188,inv,published,1,38.9853,-107.05181,24-Oct-10,Backcountry Tourer,Snowboard,1,0,0,https://classic.avalanche.state.co.us/caic/acc/acc_report.php?accfm=inv&acc_id=188,1,2,4:00 PM,Backcountry,SS,NW,12400,--,AF - Foot penetration,u - An unintentional release,G - At Ground/Ice/Firm,"Concave Slope,Ridgeline,Cornice,Below Cornice,No Trees,Gully/Couloir","Mt. Baldy - North Bowl, Crested Butte"
189,inv,published,1,39.58201,-105.91043,12-Nov-10,Sidecountry Rider,Ski,1,0,0,https://classic.avalanche.state.co.us/caic/acc/acc_report.php?accfm=inv&acc_id=189,2,1,2:00 PM,Backcountry,HS,N,12000,355,AS - Skier,--,G - At Ground/Ice/Firm,Ridgeline,"Midnight Ride, Independence Bowl, Keystone"
206,inv,published,1,37,-106,22-Nov-10,Ski Patroller,Ski,1,1,1,https://classic.avalanche.state.co.us/caic/acc/acc_report.php?accfm=inv&acc_id=206,3,2,7:30 AM,Ski Area - closed area,SS,NE,11676,45,AU - Unknown artificial trigger,--,O - Within Old Snow,Planar Slope,"Wolf Creek Pass Ski Area, Glory Hole Point"
208,inv,published,1,39.74933,-105.82991,20-Nov-10,Backcountry Tourer,Ski,1,0,0,https://classic.avalanche.state.co.us/caic/acc/acc_report.php?accfm=inv&acc_id=208,3,1,11:30 AM,Backcountry,HS,N,10457,28,AS - Skier,u - An unintentional release,G - At Ground/Ice/Firm,"Planar Slope,Sparse Trees","Woods Creek, near Butler Gulch"
216,inv,published,1,38.8861,-107.061,2-Dec-10,Backcountry Tourer,Ski,1,0,0,https://classic.avalanche.state.co.us/caic/acc/acc_report.php?accfm=inv&acc_id=216,3,3,Unknown,Backcountry,SS,N,12200,--,AS - Skier,u - An unintentional release,O - Within Old Snow,--,"Redwell Basin, Ruby Range"
225,inv,published,1,39.7026,-105.89682,5-Dec-10,Backcountry Tourer,Ski,2,1,1,https://classic.avalanche.state.co.us/caic/acc/acc_report.php?accfm=inv&acc_id=225,3,3,11:30 AM,Backcountry,HS,N,11600,35,AS - Skier,u - An unintentional release,O - Within Old Snow,Gully/Couloir,Dry Gulch-East of Eisenhower Tunnel
232,inv,published,1,39.79615,-105.87226,12-Dec-10,Snowmobiler,Snowmobile,1,0,0,https://classic.avalanche.state.co.us/caic/acc/acc_report.php?accfm=inv&acc_id=232,3,2,11:45 AM,Backcountry,HS,SE,12100,--,AM - Snowmobile,u - An unintentional release,G - At Ground/Ice/Firm,Convex Slope,"Near Jones Pass, Front Range"
243,inv,published,1,39,-107,20-Dec-10,Backcountry Tourer,Ski,1,0,0,https://classic.avalanche.state.co.us/caic/acc/acc_report.php?accfm=inv&acc_id=243,,,Unknown,Backcountry,SS,N,11200,--,AS - Skier,u - An unintentional release,--,Gully/Couloir,Marble Peak
291,inv,published,1,39,-106,29-Jan-11,Backcountry Tourer,Snowboard,1,0,0,https://classic.avalanche.state.co.us/caic/acc/acc_report.php?accfm=inv&acc_id=291,3,2,3:35 PM,Backcountry,HS,SW,12400,35,AR - Snowboarder,u - An unintentional release,O - Within Old Snow,Planar Slope,"Uneva Peak, Vail Pass"
321,inv,published,1,39,-106,19-Feb-11,Backcountry Tourer,Ski,4,0,0,https://classic.avalanche.state.co.us/caic/acc/acc_report.php?accfm=inv&acc_id=321,2,2,1:30 PM,Backcountry,SS,NE,11020,45,AS - Skier,u - An unintentional release,I - New/Old Interface,"Planar Slope,Sparse Trees",Express Creek (west of Markley Hut)
324,inv,published,1,40,-107,20-Feb-11,Snowmobiler,Snowmobile,2,1,1,https://classic.avalanche.state.co.us/caic/acc/acc_report.php?accfm=inv&acc_id=324,3,2,1:00 PM,Backcountry,HS,N,10700,35,AM - Snowmobile,u - An unintentional release,O - Within Old Snow,Concave Slope,Sand Peak-Flat Tops
327,inv,published,1,39,-106,22-Feb-11,Sidecountry Rider,Ski,1,1,1,https://classic.avalanche.state.co.us/caic/acc/acc_report.php?accfm=inv&acc_id=327,1,2,2:15 PM,Sidecountry,HS,NW,11200,--,AS - Skier,u - An unintentional release,O - Within Old Snow,Gully/Couloir,"East Snowmass Creek Valley, Sand's Chute"
372,inv,published,1,39,-106,4-Apr-11,Sidecountry Rider,Ski,1,1,1,https://classic.avalanche.state.co.us/caic/acc/acc_report.php?accfm=inv&acc_id=372,1,2,1:15 PM,Sidecountry,SS,NW,10900,--,AS - Skier,u - An unintentional release,O - Within Old Snow,"Sparse Trees,Gully/Couloir","Highlands Ridge, Desolation Row, Aspen zone"
377,inv,published,1,39,-106,2-Apr-11,Backcountry Tourer,Ski,1,0,0,https://classic.avalanche.state.co.us/caic/acc/acc_report.php?accfm=inv&acc_id=377,3,3,Unknown,Backcountry,HS,N,11600,--,AS - Skier,u - An unintentional release,O - Within Old Snow,--,"Green Mountain, west side of Independence Pass"
380,inv,published,1,37.8973,-107.7039,15-Apr-11,Backcountry Tourer,Snowboard,1,0,0,https://classic.avalanche.state.co.us/caic/acc/acc_report.php?accfm=inv&acc_id=380,3,1,Unknown,Backcountry,SS,E,11400,45,AR - Snowboarder,u - An unintentional release,I - New/Old Interface,Unsupported Slope,Red Mountain Pass Backcountry
406,inv,published,1,39.64473,-105.81825,21-May-11,Backcountry Tourer,Snowboard,1,0,1,https://classic.avalanche.state.co.us/caic/acc/acc_report.php?accfm=inv&acc_id=406,2,2,1:05 PM,Backcountry,SS,SE,13800,38,AR - Snowboarder,u - An unintentional release,I - New/Old Interface,Gully/Couloir,Torreys Peak
420,inv,published,1,40.52308,-105.86984,18-Jun-11,Backcountry Tourer,Ski,1,0,0,https://classic.avalanche.state.co.us/caic/acc/acc_report.php?accfm=inv&acc_id=420,3,1,Unknown,Backcountry,WL,NW,11200,38,AS - Skier,u - An unintentional release,I - New/Old Interface,Convex Slope,"Iron Mountain, Cameron Pass"
423,inv,published,1,37.83378,-107.74567,17-Dec-11,Backcountry Tourer,Ski,1,0,0,https://classic.avalanche.state.co.us/caic/acc/acc_report.php?accfm=inv&acc_id=423,2,2,Unknown,Backcountry,SS,NW,11725,--,AS - Skier,u - An unintentional release,O - Within Old Snow,Concave Slope,"Battleship, south of Red Mountain Pass"
426,inv,published,1,39.82162,-105.78873,1-Jan-12,Backcountry Tourer,Ski,1,0,0,https://classic.avalanche.state.co.us/caic/acc/acc_report.php?accfm=inv&acc_id=426,3,2.5,1:45 PM,--,HS,E,11900,32,AS - Skier,u - An unintentional release,O - Within Old Snow,--,Second Creek headwall near Berthoud Pass
431,inv,published,1,39.18217,-106.92676,18-Jan-12,Sidecountry Rider,Ski,1,1,1,https://classic.avalanche.state.co.us/caic/acc/acc_report.php?accfm=inv&acc_id=431,2,1.5,1:30 PM,Accessed BC from Ski Area,SS,NE,10490,50,AS - Skier,u - An unintentional release,G - At Ground/Ice/Firm,Planar Slope,Burnt Mountain Near Snowmass Village
432,inv,published,1,39.61276,-106.35495,22-Jan-12,Inbounds Rider,Ski,3,0,1,https://classic.avalanche.state.co.us/caic/acc/acc_report.php?accfm=inv&acc_id=432,3,2,1:10 PM,--,SS,NE,10800,46,AS - Skier,u - An unintentional release,O - Within Old Snow,Planar Slope,"Prima Cornice, Vail"
433,inv,published,1,39.85833,-105.76066,22-Jan-12,Inbounds Rider,Ski,1,1,1,https://classic.avalanche.state.co.us/caic/acc/acc_report.php?accfm=inv&acc_id=433,2,2,Unknown,Ski Area - open area,SS,N,10400,45,AS - Skier,u - An unintentional release,O - Within Old Snow,--,"Trestle Trees, Winter Park"
434,inv,published,1,40.56363,-106.64257,21-Jan-12,Snowmobiler,Foot,2,1,1,https://classic.avalanche.state.co.us/caic/acc/acc_report.php?accfm=inv&acc_id=434,3,2,11:30 PM,Backcountry,SS,N,9478,35,AF - Foot penetration,u - An unintentional release,O - Within Old Snow,Sparse Trees,"Chedsey Creek, North Park"
436,inv,published,1,40.51426,-105.89945,22-Jan-12,Backcountry Tourer,Ski,0,0,0,https://classic.avalanche.state.co.us/caic/acc/acc_report.php?accfm=inv&acc_id=436,3,2.5,Unknown,--,SS,NE,11400,--,AS - Skier,u - An unintentional release,O - Within Old Snow,--,"Diamond Peaks, Cameron Pass"
437,rep,published,1,40.50649,-105.88623,22-Jan-12,Snowmobiler,Snowmobile,0,1,0,https://classic.avalanche.state.co.us/caic/acc/acc_report.php?accfm=rep&acc_id=437,,,Unknown,--,--,--,--,--,--,--,--,--,Cameron Pass
440,inv,published,1,39.648,-105.95215,25-Jan-12,Backcountry Tourer,Snowboard,1,0,0,https://classic.avalanche.state.co.us/caic/acc/acc_report.php?accfm=inv&acc_id=440,3,2,12:30 PM,Backcountry,HS,NE,11800,--,AR - Snowboarder,u - An unintentional release,O - Within Old Snow,Planar Slope,Deer Creek Drainage above Montezuma
442,inv,published,1,37.92179,-107.80952,13-Feb-12,Sidecountry Rider,Snowboard,1,1,1,https://classic.avalanche.state.co.us/caic/acc/acc_report.php?accfm=inv&acc_id=442,4,2,12:00 PM,Accessed BC from Ski Area,SS,E,10300,38,AR - Snowboarder,u - An unintentional release,G - At Ground/Ice/Firm,Convex Slope,"Contention Fingers, Bear Creek, Telluride"
443,rep,published,1,39.56335,-106.27075,13-Feb-12,Sidecountry Rider,Ski,0,1,0,https://classic.avalanche.state.co.us/caic/acc/acc_report.php?accfm=rep&acc_id=443,,,11:30 AM,Accessed BC from Ski Area,--,N,11450,35,--,--,--,Planar Slope,Mushroom Bowl
444,inv,published,1,37.49628,-106.80359,16-Feb-12,Backcountry Tourer,Ski,3,1,1,https://classic.avalanche.state.co.us/caic/acc/acc_report.php?accfm=inv&acc_id=444,4,2.5,11:45 AM,Backcountry,SS,W,11500,40,AS - Skier,u - An unintentional release,O - Within Old Snow,Sparse Trees,"Gibbs Creek, near Wolf Creek Pass"
456,inv,published,1,37.88142,-107.7207,25-Feb-12,Backcountry Tourer,Ski,2,1,0,https://classic.avalanche.state.co.us/caic/acc/acc_report.php?accfm=inv&acc_id=456,2,2,3:30 PM,Backcountry,SS,W,10520,40,AS - Skier,r - A remote avalanche released by the indicated trigger,O - Within Old Snow,Gully/Couloir,"Big Horn Gulch, south of Red Mountain Pass"
463,inv,published,1,37.84165,-107.7812,30-Mar-12,Backcountry Tourer,Ski,1,1,1,https://classic.avalanche.state.co.us/caic/acc/acc_report.php?accfm=inv&acc_id=463,3,3.5,4:00 PM,Backcountry,WS,SE,12800,38,AS - Skier,u - An unintentional release,O - Within Old Snow,"Convex Slope,No Trees,Gully/Couloir","Ophir Pass, Paradise Basin"
465,rep,published,1,37.83365,-107.80884,28-Apr-12,Backcountry Tourer,Snowboard,1,0,0,https://classic.avalanche.state.co.us/caic/acc/acc_report.php?accfm=rep&acc_id=465,,,2:00 PM,Backcountry,--,NW,12800,--,--,--,--,Concave Slope,"South Lookout Peak, near Ophir Pass"
473,inv,published,1,39.33405,-106.25522,24-Dec-12,Backcountry Tourer,Ski,2,1,0,https://classic.avalanche.state.co.us/caic/acc/acc_report.php?accfm=inv&acc_id=473,2,2,2:00 PM,Backcountry,HS,NE,12200,34,AS - Skier,u - An unintentional release,O - Within Old Snow,--,"Buckeye Peak, southwest of Fremont Pass"
478,inv,published,1,39.170414,-106.939467,30-Dec-12,Ski Patroller,Ski,1,0,1,https://classic.avalanche.state.co.us/caic/acc/acc_report.php?accfm=inv&acc_id=478,1,1,Unknown,Ski Area - closed area,SS,NE,11200,40,AS - Skier,u - An unintentional release,O - Within Old Snow,Unsupported Slope,"Ships Prow Glades, Snowmass Ski Area"
480,inv,published,1,39.04965,-107.19536,13-Jan-13,Backcountry Tourer,Ski,1,1,1,https://classic.avalanche.state.co.us/caic/acc/acc_report.php?accfm=inv&acc_id=480,2,2,2:15 PM,Backcountry,SS,NW,10700,43,AS - Skier,u - An unintentional release,G - At Ground/Ice/Firm,Planar Slope,"Raspberry Creek, near Marble"
484,inv,published,1,37.80924,-107.63374,27-Jan-13,Backcountry Tourer,Ski,1,0,0,https://classic.avalanche.state.co.us/caic/acc/acc_report.php?accfm=inv&acc_id=484,3,2,1:00 PM,Backcountry,SS,NE,10800,--,AS - Skier,u - An unintentional release,G - At Ground/Ice/Firm,Planar Slope,Kendall Mountain southeast of Silverton
485,inv,published,1,37.89819,-107.65301,2-Feb-13,Backcountry Tourer,Ski,3,1,1,https://classic.avalanche.state.co.us/caic/acc/acc_report.php?accfm=inv&acc_id=485,3,2,1:30 PM,Backcountry,SS,SE,11690,38,AS - Skier,u - An unintentional release,O - Within Old Snow,Convex Slope,"Cement Creek, near Silverton"
486,rep,published,1,37.8991,-107.65254,2-Feb-13,Backcountry Tourer,Ski,2,0,0,https://classic.avalanche.state.co.us/caic/acc/acc_report.php?accfm=rep&acc_id=486,3,2,2:00 PM,Backcountry,SS,E,11700,38,AS - Skier,u - An unintentional release,O - Within Old Snow,"Concave Slope,Planar Slope","Cement Creek, north of Gladstone"
487,inv,published,1,39.79996,-105.79113,3-Feb-13,Backcountry Tourer,Ski,2,1,0,https://classic.avalanche.state.co.us/caic/acc/acc_report.php?accfm=inv&acc_id=487,2,2,3:00 PM,Backcountry,SS,SE,12000,38,AS - Skier,r - A remote avalanche released by the indicated trigger,O - Within Old Snow,Planar Slope,"Russell Peak, near Berthoud Pass"
488,rep,published,1,40.51458,-105.90443,2-Feb-13,Backcountry Tourer,Unknown,0,0,0,https://classic.avalanche.state.co.us/caic/acc/acc_report.php?accfm=rep&acc_id=488,3,2.5,Unknown,Backcountry,SS,NE,11300,--,AU - Unknown artificial trigger,Unknown,O - Within Old Snow,Planar Slope,Cameron Pass/South Diamond Peak
489,inv,published,1,39.79218,-105.80589,7-Feb-13,Backcountry Tourer,Ski,2,0,0,https://classic.avalanche.state.co.us/caic/acc/acc_report.php?accfm=inv&acc_id=489,2,2,2:45 PM,Backcountry,HS,--,--,--,AS - Skier,u - An unintentional release,G - At Ground/Ice/Firm,Planar Slope,Berthoud Pass-Current Creek-Postage Stamp
490,inv,published,1,39.623971,-105.876514,16-Feb-13,Inbounds Rider,Ski,15,1,0,https://classic.avalanche.state.co.us/caic/acc/acc_report.php?accfm=inv&acc_id=490,3,2.5,2:45 PM,Ski Area - open area,HS,S,12474,34,AS - Skier,u - An unintentional release,O - Within Old Snow,"Convex Slope,Below Cornice",Montezuma Bowl - Arapahoe Basin
492,rep,published,1,39.75701,-105.87175,23-Feb-13,Backcountry Tourer,Foot,2,0,0,https://classic.avalanche.state.co.us/caic/acc/acc_report.php?accfm=rep&acc_id=492,2,1.5,2:45 PM,Ski Area - open area,SS,E,11900,--,AF - Foot penetration,u - An unintentional release,Unknown,--,Butler Gulch
497,inv,published,1,40.49092,-105.89048,2-Mar-13,Backcountry Tourer,Ski,2,1,1,https://classic.avalanche.state.co.us/caic/acc/acc_report.php?accfm=inv&acc_id=497,3,3,12:50 PM,Backcountry,HS,E,11400,--,AS - Skier,u - An unintentional release,G - At Ground/Ice/Firm,Planar Slope,"Nokhu Crags, Never Summer Mountains"
499,inv,published,1,40.45562,-105.67725,17-Mar-13,Climber,Foot,2,0,1,https://classic.avalanche.state.co.us/caic/acc/acc_report.php?accfm=inv&acc_id=499,2,1.5,12:00 AM,Backcountry,SS,NE,13100,45,Unknown,--,I - New/Old Interface,Gully/Couloir,"Ypsilon Mountain, Rocky Mountain National Park"
504,inv,published,1,39.49593,-106.26114,18-Apr-13,Hybrid Rider,Snowboard,2,0,1,https://classic.avalanche.state.co.us/caic/acc/acc_report.php?accfm=inv&acc_id=504,4,3.5,1:00 PM,Backcountry,HS,N,11850,35,AR - Snowboarder,u - An unintentional release,O - Within Old Snow,Below Cornice,"Ptarmigan Hill, near Vail Pass"
505,inv,published,1,39.6789,-105.86839,20-Apr-13,Backcountry Tourer,Snowboard,6,5,5,https://classic.avalanche.state.co.us/caic/acc/acc_report.php?accfm=inv&acc_id=505,3,3,10:15 AM,Backcountry,HS,N,11800,41,AR - Snowboarder,u - An unintentional release,O - Within Old Snow,"Planar Slope,Gully/Couloir","Sheep Creek, north of Loveland Pass"
507,rep,published,1,40.3138,-105.6738,21-Nov-13,Climber,Foot,1,0,0,https://classic.avalanche.state.co.us/caic/acc/acc_report.php?accfm=rep&acc_id=507,,,5:30 PM,Backcountry,SS,S,11500,--,N -  Natural,--,I - New/Old Interface,Concave Slope,Rocky Mountain National Park-Dragon's Tail Couloir
508,rep,published,1,39.83408,-105.64865,24-Nov-13,Climber,Foot,1,0,0,https://classic.avalanche.state.co.us/caic/acc/acc_report.php?accfm=rep&acc_id=508,2,2,10:30 AM,Backcountry,SS,E,--,--,AF - Foot penetration,u - An unintentional release,G - At Ground/Ice/Firm,Planar Slope,St Mary's Lake
512,inv,published,1,39.67329,-105.88813,27-Dec-13,Sidecountry Rider,Ski,1,0,0,https://classic.avalanche.state.co.us/caic/acc/acc_report.php?accfm=inv&acc_id=512,2,2,2:00 PM,Accessed BC from Ski Area,HS,E,11800,35,AS - Skier,u - An unintentional release,O - Within Old Snow,Convex Slope,North side Loveland Pass
514,inv,published,1,40.34187,-106.11978,31-Dec-13,Backcountry Tourer,Snowboard,1,1,1,https://classic.avalanche.state.co.us/caic/acc/acc_report.php?accfm=inv&acc_id=514,2,2.5,1:21 PM,Backcountry,HS,NE,11000,37,AR - Snowboarder,u - An unintentional release,O - Within Old Snow,Convex Slope,"Parkview Mountain, west of Willow Creek Pass"
516,inv,published,1,39.60136,-106.29805,22-Dec-13,Sidecountry Rider,Ski,1,0,0,https://classic.avalanche.state.co.us/caic/acc/acc_report.php?accfm=inv&acc_id=516,2,2,3:45 PM,Accessed BC from Ski Area,SS,E,11700,30,AS - Skier,u - An unintentional release,I - New/Old Interface,Planar Slope,Abrahams-East Vail Chutes
517,inv,published,1,39.47596,-106.10415,2-Jan-14,Inbounds Rider,Ski,6,0,0,https://classic.avalanche.state.co.us/caic/acc/acc_report.php?accfm=inv&acc_id=517,2,1.5,3:45 PM,Ski Area - open area,HS,E,12700,32,AS - Skier,u - An unintentional release,O - Within Old Snow,Planar Slope,"Whale's Tail, Breckenridge Ski Area"
518,inv,published,1,39.60073,-106.29978,7-Jan-14,Sidecountry Rider,Ski,4,0,1,https://classic.avalanche.state.co.us/caic/acc/acc_report.php?accfm=inv&acc_id=518,3,3,11:15 AM,Accessed BC from Ski Area,HS,E,11600,36,AS - Skier,u - An unintentional release,O - Within Old Snow,Planar Slope,"East Vail, backcountry southeast of Vail Ski Area"
523,inv,published,1,38.85522,-107.07288,10-Feb-14,Snowmobiler,Snowmobile,2,1,1,https://classic.avalanche.state.co.us/caic/acc/acc_report.php?accfm=inv&acc_id=523,3,2.5,1:05 PM,Backcountry,SS,S,9700,35,AM - Snowmobile,u - An unintentional release,S - Within Storm Snow,Planar Slope,"Near Kebler Pass, west of Crested Butte"
524,inv,published,1,39.54075,-105.90855,10-Feb-14,Sidecountry Rider,Ski,2,1,1,https://classic.avalanche.state.co.us/caic/acc/acc_report.php?accfm=inv&acc_id=524,3,3,11:45 AM,Accessed BC from Ski Area,HS,SE,11942,35,AS - Skier,u - An unintentional release,O - Within Old Snow,"Planar Slope,Below Cornice","North Fork Swan River, south of Keystone Ski Area"
526,inv,published,1,39.06118,-106.5181,15-Feb-14,Backcountry Tourer,Ski,5,3,2,https://classic.avalanche.state.co.us/caic/acc/acc_report.php?accfm=inv&acc_id=526,4,4,11:45 AM,Backcountry,HS,NE,11606,40,AS - Skier,u - An unintentional release,O - Within Old Snow,Planar Slope,"Star Mountain, near Twin Lakes"
531,inv,published,1,37.29154,-106.56876,4-Mar-14,Ski Patroller,Ski,1,1,1,https://classic.avalanche.state.co.us/caic/acc/acc_report.php?accfm=inv&acc_id=531,3,3,12:45 PM,Backcountry,HS,NW,11700,--,AS - Skier,u - An unintentional release,O - Within Old Snow,--,"Diablo Ridge, Pt. 12,505, approx. 1 mile W of Conejos Peak"
532,inv,published,1,37.46096,-108.0689,5-Mar-14,Snowmobiler,Snowmobile,1,1,1,https://classic.avalanche.state.co.us/caic/acc/acc_report.php?accfm=inv&acc_id=532,2,2,12:50 PM,Backcountry,SS,E,11300,--,AM - Snowmobile,u - An unintentional release,O - Within Old Snow,Planar Slope,"Sharkstooth Peak, La Plata Mountains"
542,rep,published,1,37.8337,-107.84346,16-Mar-14,Backcountry Tourer,Ski,1,0,0,https://classic.avalanche.state.co.us/caic/acc/acc_report.php?accfm=rep&acc_id=542,2,1.5,12:50 PM,Backcountry,HS,NE,12600,45,AS - Skier,u - An unintentional release,I - New/Old Interface,Gully/Couloir,"Serpent Couloir, Yellow Mtn, Ophir"
550,inv,published,1,38.90688,-107.12176,3-Nov-14,Backcountry Tourer,Foot,2,0,0,https://classic.avalanche.state.co.us/caic/acc/acc_report.php?accfm=inv&acc_id=550,2,1.5,Unknown,Backcountry,SS,NE,12600,39,AF - Foot penetration,u - An unintentional release,S - Within Storm Snow,Gully/Couloir,"Mt Owen, Ruby Range"
554,inv,published,1,38.91599,-107.05543,18-Dec-14,Backcountry Tourer,Ski,1,0,0,https://classic.avalanche.state.co.us/caic/acc/acc_report.php?accfm=inv&acc_id=554,1,2,2:00 PM,Backcountry,SS,NE,11300,41,AS - Skier,u - An unintentional release,O - Within Old Snow,"Convex Slope,Planar Slope","Schuykill Ridge, Birthday Bowl. Near Crested Butte"
555,inv,published,1,39.65165,-105.79787,31-Dec-14,Climber,Snowshoe,1,1,1,https://classic.avalanche.state.co.us/caic/acc/acc_report.php?accfm=inv&acc_id=555,2,2,10:02 AM,Backcountry,HS,E,12200,39,AI - Snowshoer,u - An unintentional release,O - Within Old Snow,--,Kelso Mountain
556,inv,published,1,37.80219,-107.65048,6-Jan-15,Backcountry Tourer,Ski,1,0,1,https://classic.avalanche.state.co.us/caic/acc/acc_report.php?accfm=inv&acc_id=556,2,2,3:50 PM,Backcountry,HS,NW,11300,40,AS - Skier,u - An unintentional release,O - Within Old Snow,"Convex Slope,Gully/Couloir","Rabbit Ears path, Kendall Mountain"
557,inv,published,1,39.13582,-106.80697,1-Jan-15,Mechanised Guide,Snowcat,1,0,0,https://classic.avalanche.state.co.us/caic/acc/acc_report.php?accfm=inv&acc_id=557,3,2,11:34 AM,Accessed BC from Ski Area,SS,N,10900,35,AS - Skier,u - An unintentional release,O - Within Old Snow,"Concave Slope,Sparse Trees",McFarlane's Bowl - The Happy Face
558,inv,published,1,39.16365,-106.83021,23-Feb-15,Sidecountry Rider,Ski,1,1,1,https://classic.avalanche.state.co.us/caic/acc/acc_report.php?accfm=inv&acc_id=558,2,2,2:45 PM,Accessed BC from Ski Area,SS,W,9990,38,AS - Skier,u - An unintentional release,O - Within Old Snow,"Sparse Trees,Gully/Couloir","Peter Barker path, near Aspen Mountain"
560,rep,published,1,39.67292,-106.29401,5-Mar-15,Backcountry Tourer,Ski,1,0,0,https://classic.avalanche.state.co.us/caic/acc/acc_report.php?accfm=rep&acc_id=560,3,2,8:30 AM,Accessed BC from Ski Area,SS,SE,11600,38,AS - Skier,u - An unintentional release,O - Within Old Snow,"Convex Slope,Gully/Couloir","Pitkin Creek, Gore Range"
565,rep,published,1,39.00196,-106.79432,17-Mar-15,Backcountry Tourer,Ski,1,0,0,https://classic.avalanche.state.co.us/caic/acc/acc_report.php?accfm=rep&acc_id=565,3,2,2:00 PM,Accessed BC from Ski Area,WS,N,11475,--,AS - Skier,c - A controlled or intentional release,G - At Ground/Ice/Firm,"Planar Slope,Sparse Trees,Gully/Couloir","Cooper Fork, northwest of Taylor Peak"
566,inv,published,1,39.29493,-106.92443,3-May-15,Backcountry Tourer,Ski,1,0,0,https://classic.avalanche.state.co.us/caic/acc/acc_report.php?accfm=inv&acc_id=566,3,2,10:55 AM,Backcountry,WS,NE,11550,--,Unknown,--,O - Within Old Snow,"Planar Slope,No Trees","Thomas Lakes Bowl, Mt. Sopris"
568,rep,published,1,39.03544,-106.85713,17-May-15,Backcountry Tourer,Ski,2,0,0,https://classic.avalanche.state.co.us/caic/acc/acc_report.php?accfm=rep&acc_id=568,1,1.5,Unknown,Backcountry,SS,E,13750,--,AF - Foot penetration,u - An unintentional release,I - New/Old Interface,"Below Cornice,No Trees,Gully/Couloir","Pearl Couloir, Cathedral Peak"
569,rep,published,1,39.62136,-106.14278,31-May-15,Backcountry Tourer,Snowboard,1,0,0,https://classic.avalanche.state.co.us/caic/acc/acc_report.php?accfm=rep&acc_id=569,2,2,11:30 AM,Backcountry,WS,N,12600,--,AR - Snowboarder,u - An unintentional release,Unknown,Concave Slope,"Buffalo Mountain, southern Gore Range"
571,inv,published,1,39.45578,-105.97507,21-Nov-15,Backcountry Tourer,Ski,1,0,0,https://classic.avalanche.state.co.us/caic/acc/acc_report.php?accfm=inv&acc_id=571,3,3,1:45 PM,Backcountry,HS,E,12800,38,AS - Skier,u - An unintentional release,G - At Ground/Ice/Firm,"Concave Slope,No Trees",Boreas Pass/Bald Mountain
574,inv,published,1,37.8295,-107.84158,25-Nov-15,Backcountry Tourer,Ski,2,0,0,https://classic.avalanche.state.co.us/caic/acc/acc_report.php?accfm=inv&acc_id=574,3,2,11:00 AM,Backcountry,SS,NE,12500,35,AS - Skier,u - An unintentional release,I - New/Old Interface,Concave Slope,"Ophir, Fatwa Couloir"
576,inv,published,1,39.4521,-106.07609,19-Dec-15,Sidecountry Rider,Ski,1,0,0,https://classic.avalanche.state.co.us/caic/acc/acc_report.php?accfm=inv&acc_id=576,2,1.5,1:15 PM,Accessed BC from Ski Area,SS,SE,11600,36,AS - Skier,u - An unintentional release,O - Within Old Snow,Planar Slope,"Number 4, Carter Gulch southwest of Breckenridge"
579,rep,published,1,37.885,-107.81093,2-Jan-16,Sidecountry Rider,Ski,1,0,0,https://classic.avalanche.state.co.us/caic/acc/acc_report.php?accfm=rep&acc_id=579,2,1.5,11:00 AM,Accessed BC from Ski Area,SS,N,13400,45,AS - Skier,u - An unintentional release,I - New/Old Interface,Gully/Couloir,"San Joaquin Couloir, Bear Creek near Telluride"
582,inv,published,1,39.26228,-106.47413,16-Jan-16,Backcountry Tourer,Ski,2,0,0,https://classic.avalanche.state.co.us/caic/acc/acc_report.php?accfm=inv&acc_id=582,,,12:30 PM,Backcountry,SS,S,11800,--,AS - Skier,u - An unintentional release,Unknown,--,Hagerman Pass
583,inv,published,1,39.8328,-105.64831,16-Jan-16,Climber,Foot,1,1,1,https://classic.avalanche.state.co.us/caic/acc/acc_report.php?accfm=inv&acc_id=583,3,2.5,Unknown,Backcountry,HS,E,11200,--,Unknown,Unknown,O - Within Old Snow,Planar Slope,"St Marys Lake, Front Range"
586,inv,published,1,38.89207,-107.12154,21-Jan-16,Snowmobiler,Snowmobile,2,1,1,https://classic.avalanche.state.co.us/caic/acc/acc_report.php?accfm=inv&acc_id=586,3,2,2:00 PM,Backcountry,SS,SE,11000,35,AM - Snowmobile,u - An unintentional release,--,Convex Slope,"Ruby Peak, Ruby Range west of Crested Butte"
589,rep,published,1,39.81826,-105.7886,23-Jan-16,Backcountry Tourer,Snowboard,1,0,0,https://classic.avalanche.state.co.us/caic/acc/acc_report.php?accfm=rep&acc_id=589,3,2,1:30 PM,Backcountry,HS,SE,11890,--,AR - Snowboarder,u - An unintentional release,G - At Ground/Ice/Firm,"Planar Slope,Ridgeline,Sparse Trees","Postage Stamp, Current Creek, Berthoud Pass"
593,inv,published,1,39.68183,-105.94146,25-Jan-16,Backcountry Tourer,Ski,1,0,0,https://classic.avalanche.state.co.us/caic/acc/acc_report.php?accfm=inv&acc_id=593,3,2,12:30 PM,Backcountry,SS,S,12300,--,AS - Skier,u - An unintentional release,G - At Ground/Ice/Firm,Concave Slope,"Coon Hill, west of Eisenhower Tunnel"
594,inv,published,1,38.49255,-106.309667,22-Jan-16,Backcountry Tourer,Ski,1,1,0,https://classic.avalanche.state.co.us/caic/acc/acc_report.php?accfm=inv&acc_id=594,2,2,Unknown,Backcountry,SS,E,11400,--,AS - Skier,u - An unintentional release,O - Within Old Snow,Convex Slope,"North Fooses, Monarch Pass"
597,inv,published,1,37.49201,-106.70106,2-Feb-16,Snowmobiler,Snowmobile,2,1,1,https://classic.avalanche.state.co.us/caic/acc/acc_report.php?accfm=inv&acc_id=597,3,2,4:30 PM,Backcountry,SS,E,9660,40,AM - Snowmobile,u - An unintentional release,O - Within Old Snow,Convex Slope,"Lost Mine Creek, east of Wolf Creek Pass"
598,inv,published,1,38.78811,-106.38731,5-Feb-16,Snowmobiler,Snowmobile,1,0,1,https://classic.avalanche.state.co.us/caic/acc/acc_report.php?accfm=inv&acc_id=598,2,2,11:00 AM,Backcountry,SS,E,12200,36,AV - Vehicle (specify vehicle type in comments),u - An unintentional release,O - Within Old Snow,Convex Slope,"Cottonwood Pass, west of Buena Vista"
599,inv,published,1,37.88146,-107.73528,13-Feb-16,Backcountry Tourer,Ski,2,0,0,https://classic.avalanche.state.co.us/caic/acc/acc_report.php?accfm=inv&acc_id=599,3,3,11:30 AM,Backcountry,HS,SE,12200,34,AS - Skier,u - An unintentional release,O - Within Old Snow,Gully/Couloir,"Eagle avalanche path, north of Silverton"
606,inv,published,1,39.6474,-106.27084,19-Mar-16,Backcountry Tourer,Ski,2,0,0,https://classic.avalanche.state.co.us/caic/acc/acc_report.php?accfm=inv&acc_id=606,3,2.5,11:30 AM,--,SS,N,11000,--,AS - Skier,u - An unintentional release,I - New/Old Interface,Concave Slope,Bighorn Creek-Gore Range
607,inv,published,1,39.55052,-105.88915,21-Mar-16,Hybrid Rider,Foot,1,0,0,https://classic.avalanche.state.co.us/caic/acc/acc_report.php?accfm=inv&acc_id=607,2,2,11:30 AM,Backcountry,C,SE,12000,--,AF - Foot penetration,u - An unintentional release,I - New/Old Interface,Cornice,"North Fork of the Snake, near Glacier Mountain"
608,rep,published,1,39.5194,-106.25414,19-Mar-16,Snowmobiler,Snowmobile,1,0,0,https://classic.avalanche.state.co.us/caic/acc/acc_report.php?accfm=rep&acc_id=608,3,2.5,11:00 AM,Backcountry,HS,NE,11900,40,AM - Snowmobile,u - An unintentional release,I - New/Old Interface,Planar Slope,"Shrine Ridge, near Vail Pass"
611,inv,published,1,37.90232,-107.80223,3-Apr-16,Sidecountry Rider,Ski,2,0,0,https://classic.avalanche.state.co.us/caic/acc/acc_report.php?accfm=inv&acc_id=611,1,1,12:15 PM,Accessed BC from Ski Area,L,NW,12800,40,AR - Snowboarder,u - An unintentional release,I - New/Old Interface,Gully/Couloir,"Grandfather Couloir, Bear Creek drainage"
613,rep,published,1,39.75178,-105.83877,22-Jan-16,Backcountry Tourer,Snowboard,0,0,1,https://classic.avalanche.state.co.us/caic/acc/acc_report.php?accfm=rep&acc_id=613,,,12:15 PM,Accessed BC from Ski Area,U,S,11000,--,AU - Unknown artificial trigger,Unknown,Unknown,--,"Red Mountain, Clear Creek County"
619,rep,published,1,40.42707,-106.63357,11-Dec-16,Snowmobiler,Snowmobile,1,2,0,https://classic.avalanche.state.co.us/caic/acc/acc_report.php?accfm=rep&acc_id=619,3,2,Unknown,Accessed BC from Ski Area,SS,S,10400,38,AM - Snowmobile,u - An unintentional release,G - At Ground/Ice/Firm,Convex Slope,"FSR 311, west of Rabbit Ears Peak"
622,inv,published,1,38.97479,-107.03503,12-Dec-16,Snowmobiler,Snowmobile,1,1,0,https://classic.avalanche.state.co.us/caic/acc/acc_report.php?accfm=inv&acc_id=622,2,2,11:45 AM,Backcountry,SS,N,11250,39,AM - Snowmobile,u - An unintentional release,G - At Ground/Ice/Firm,"Convex Slope,Gully/Couloir","Washington Gulch, north of Crested Butte"
628,inv,published,1,40.50368,-106.74346,12-Jan-17,Rescuer,Ski,1,0,0,https://classic.avalanche.state.co.us/caic/acc/acc_report.php?accfm=inv&acc_id=628,2,2,7:00 PM,Backcountry,SS,SE,9180,46,AS - Skier,u - An unintentional release,I - New/Old Interface,Unknown,"North Fork Fish Creek, Buffalo Mountain"
631,inv,published,1,40.07444,-107.24227,14-Feb-17,Snowmobiler,Snowmobile,2,1,1,https://classic.avalanche.state.co.us/caic/acc/acc_report.php?accfm=inv&acc_id=631,3,2,10:05 AM,Backcountry,HS,NE,10460,33,AV - Vehicle (specify vehicle type in comments),u - An unintentional release,O - Within Old Snow,Sparse Trees,"Near West Lost Lake, Flat Tops Wilderness area"
632,inv,published,1,38.96929,-106.95122,3-Feb-17,Backcountry Tourer,Ski,1,0,0,https://classic.avalanche.state.co.us/caic/acc/acc_report.php?accfm=inv&acc_id=632,2,1.5,2:00 PM,Backcountry,HS,W,12200,--,AS - Skier,u - An unintentional release,O - Within Old Snow,"Convex Slope,Gully/Couloir","Above Copper Creek, near Gothic"
640,rep,published,1,39.00682,-106.82106,18-Nov-17,Hybrid Rider,Snowboard,1,0,0,https://classic.avalanche.state.co.us/caic/acc/acc_report.php?accfm=rep&acc_id=640,2,2,2:00 PM,Backcountry,HS,NW,11320,45,AR - Snowboarder,r - A remote avalanche released by the indicated trigger,O - Within Old Snow,"Concave Slope,Sparse Trees,Gully/Couloir","Greg Mace Peak, Castle Creek"
647,rep,published,1,38.68906,-106.35538,14-Jan-18,Backcountry Tourer,Ski,1,0,0,https://classic.avalanche.state.co.us/caic/acc/acc_report.php?accfm=rep&acc_id=647,1,1,Unknown,Backcountry,SS,NE,11200,35,AS - Skier,u - An unintentional release,I - New/Old Interface,--,"William's Pass, Mt. Princeton Area"
649,inv,published,1,37.86923,-107.72284,21-Jan-18,Backcountry Tourer,Ski,2,0,1,https://classic.avalanche.state.co.us/caic/acc/acc_report.php?accfm=inv&acc_id=649,3,2,12:00 AM,Backcountry,SS,NE,11092,38,AS - Skier,u - An unintentional release,O - Within Old Snow,Convex Slope,"South of Red Mountain Pass, Sam's Trees"
650,inv,published,1,39.49631,-106.25826,8-Feb-18,Hybrid Rider,Snowboard,1,0,0,https://classic.avalanche.state.co.us/caic/acc/acc_report.php?accfm=inv&acc_id=650,3,2.5,2:00 PM,Backcountry,HS,N,11710,35,AR - Snowboarder,u - An unintentional release,G - At Ground/Ice/Firm,Convex Slope,"Ptarmigan Hill, Vail Pass"
651,rep,published,1,39.80318,-105.77126,11-Feb-18,Backcountry Tourer,Ski,1,0,0,https://classic.avalanche.state.co.us/caic/acc/acc_report.php?accfm=rep&acc_id=651,2,2,Unknown,Backcountry,SS,NW,--,--,AS - Skier,u - An unintentional release,O - Within Old Snow,Convex Slope,"The Fingers, Berthoud Pass"
653,rep,published,1,38.83853,-106.57729,19-Feb-18,Backcountry Tourer,Ski,2,0,0,https://classic.avalanche.state.co.us/caic/acc/acc_report.php?accfm=rep&acc_id=653,2,2,Unknown,Backcountry,SS,NE,11300,--,AS - Skier,u - An unintentional release,O - Within Old Snow,"Convex Slope,Sparse Trees,Gully/Couloir",Schuykill Ridge
654,inv,published,1,38.00888,-107.87307,20-Feb-18,Backcountry Tourer,Snowboard,2,1,0,https://classic.avalanche.state.co.us/caic/acc/acc_report.php?accfm=inv&acc_id=654,3,3,3:15 PM,Backcountry,HS,N,11800,35,AR - Snowboarder,u - An unintentional release,G - At Ground/Ice/Firm,Convex Slope,Chute 4 near Last Dollar Pass
662,inv,published,1,39.3327,-106.17805,7-Mar-18,Backcountry Tourer,Ski,1,0,0,https://classic.avalanche.state.co.us/caic/acc/acc_report.php?accfm=inv&acc_id=662,2,1.5,12:00 PM,Backcountry,HS,NE,13689,45,AF - Foot penetration,u - An unintentional release,I - New/Old Interface,"Ridgeline,Cornice","Mt Arkansas, Fremont Pass"
665,inv,published,1,39.13635,-106.8795,8-Apr-18,Sidecountry Rider,Ski,2,0,1,https://classic.avalanche.state.co.us/caic/acc/acc_report.php?accfm=inv&acc_id=665,2,2,2:22 PM,Accessed BC from Ski Area,SS,N,11375,38,AS - Skier,u - An unintentional release,Unknown,"Concave Slope,Sparse Trees","Maroon Bowl, west of Aspen Highlands"
666,inv,published,1,39.48928,-105.8942633,10-Apr-18,Snowmobiler,Snowmobile,1,1,1,https://classic.avalanche.state.co.us/caic/acc/acc_report.php?accfm=inv&acc_id=666,3,2.5,11:00 AM,Backcountry,HS,N,11830,38,AM - Snowmobile,u - An unintentional release,O - Within Old Snow,Convex Slope,"Northwest of Glacier Peak, Middle Fork Swan River"
673,rep,published,1,40.01012,-105.65347,15-Oct-18,Hiker,Foot,1,0,0,https://classic.avalanche.state.co.us/caic/acc/acc_report.php?accfm=rep&acc_id=673,2,1.5,11:00 AM,Backcountry,SS,S,11400,35,AF - Foot penetration,u - An unintentional release,--,Unsupported Slope,"South of South Arapaho Peak, Indian Peaks"
675,rep,published,1,39.37024,-106.07149,2-Nov-18,Backcountry Tourer,Ski,1,0,0,https://classic.avalanche.state.co.us/caic/acc/acc_report.php?accfm=rep&acc_id=675,2,1.5,9:00 AM,Backcountry,HS,E,11850,--,AS - Skier,u - An unintentional release,O - Within Old Snow,--,"Above Northstar Neighborhood, Hoosier Pass"
676,rep,published,1,38.88505,-107.05041,25-Nov-18,Backcountry Tourer,Ski,0,0,0,https://classic.avalanche.state.co.us/caic/acc/acc_report.php?accfm=rep&acc_id=676,2,2,8:40 AM,Backcountry,SS,SE,12300,--,AS - Skier,r - A remote avalanche released by the indicated trigger,O - Within Old Snow,Planar Slope,"Red Lady Bowl, Mt. Emmons"
677,rep,published,1,39.13778,-106.80549,24-Nov-18,Sidecountry Rider,Ski,0,1,0,https://classic.avalanche.state.co.us/caic/acc/acc_report.php?accfm=rep&acc_id=677,2,1.5,3:00 PM,Backcountry,SS,NE,10500,35,AS - Skier,u - An unintentional release,I - New/Old Interface,--,"Richmond Ridge, McFarland's B Nose"
680,inv,published,1,38.89817,-107.11271,6-Dec-18,Mechanised Guide,Ski,3,0,0,https://classic.avalanche.state.co.us/caic/acc/acc_report.php?accfm=inv&acc_id=680,1,2,2:30 PM,Ski Area - closed area,SS,W,11300,40,AS - Skier,--,O - Within Old Snow,Sparse Trees,Irwin Snowcat Ski Operation
681,inv,published,1,39.79655,-105.88635,18-Dec-18,Backcountry Tourer,Ski,1,0,0,https://classic.avalanche.state.co.us/caic/acc/acc_report.php?accfm=inv&acc_id=681,2,2,11:00 AM,Backcountry,HS,SE,12400,40,AS - Skier,r - A remote avalanche released by the indicated trigger,O - Within Old Snow,Gully/Couloir,"West Fork of Clear Creek, north of Jones Pass"
682,rep,published,1,39.34063,-106.25051,14-Dec-18,Backcountry Tourer,Ski,0,0,0,https://classic.avalanche.state.co.us/caic/acc/acc_report.php?accfm=rep&acc_id=682,2,1.5,1:45 PM,Backcountry,HS,S,12300,--,AS - Skier,u - An unintentional release,I - New/Old Interface,Planar Slope,Buckeye Peak
684,inv,published,1,37.7123,-107.9239,16-Dec-18,Snowmobiler,Snowmobile,2,0,0,https://classic.avalanche.state.co.us/caic/acc/acc_report.php?accfm=inv&acc_id=684,2,2,1:45 PM,Backcountry,HS,NE,11700,--,AM - Snowmobile,u - An unintentional release,I - New/Old Interface,Planar Slope,Hermosa Peak on Barlow Creek side
685,inv,published,1,37.91467,-107.73362,5-Jan-19,Backcountry Tourer,Ski,6,1,1,https://classic.avalanche.state.co.us/caic/acc/acc_report.php?accfm=inv&acc_id=685,2,2,2:41 PM,Backcountry,HS,S,13000,32,AS - Skier,u - An unintentional release,O - Within Old Snow,Planar Slope,"Upper Senator Beck Basin, northwest of Red Mountain Pass"
687,rep,published,1,37.8997,-107.72756,3-Jan-19,Hiker,Snowshoe,3,0,0,https://classic.avalanche.state.co.us/caic/acc/acc_report.php?accfm=rep&acc_id=687,3,2,1:00 PM,Backcountry,HS,SE,12300,--,AI - Snowshoer,u - An unintentional release,--,Planar Slope,"Near Trico Peak, west of Red Mountain Pass"
689,inv,published,1,39.00232,-106.79927,11-Jan-19,Backcountry Tourer,Ski,2,0,0,https://classic.avalanche.state.co.us/caic/acc/acc_report.php?accfm=inv&acc_id=689,2,2,10:00 AM,--,SS,NW,10800,39,AS - Skier,r - A remote avalanche released by the indicated trigger,I - New/Old Interface,"Convex Slope,Concave Slope","Near Lindley Hut, south of Ashcroft"
691,inv,published,1,38.80825,-106.41335,17-Jan-19,Snowmobiler,Snowmobile,1,1,0,https://classic.avalanche.state.co.us/caic/acc/acc_report.php?accfm=inv&acc_id=691,2,2,Unknown,Backcountry,SS,E,12000,40,AM - Snowmobile,u - An unintentional release,O - Within Old Snow,Planar Slope,"Near Lost Lake, south of Cottonwood Pass"
693,inv,published,1,39.02842,-106.78352,21-Jan-19,Backcountry Tourer,Ski,1,1,1,https://classic.avalanche.state.co.us/caic/acc/acc_report.php?accfm=inv&acc_id=693,3,2.5,10:15 AM,Backcountry,SS,NE,11150,35,AS - Skier,u - An unintentional release,O - Within Old Snow,"Convex Slope,Ridgeline,Sparse Trees","Green Mountain, Express Creek"
699,rep,published,1,37.83467,-107.74735,21-Jan-19,Backcountry Tourer,Ski,0,1,0,https://classic.avalanche.state.co.us/caic/acc/acc_report.php?accfm=rep&acc_id=699,3,2,12:00 PM,Backcountry,SS,NW,11300,27,N -  Natural,--,I - New/Old Interface,Planar Slope,"Battleship, southeast of Ophir Pass"
703,inv,published,1,39.69564,-105.93123,10-Feb-19,Backcountry Tourer,Ski,2,0,0,https://classic.avalanche.state.co.us/caic/acc/acc_report.php?accfm=inv&acc_id=703,2,2,10:15 AM,Backcountry,HS,--,12200,36,AS - Skier,u - An unintentional release,O - Within Old Snow,Convex Slope,"Straight Creek, north of Eisenhower Tunnel"
704,inv,published,1,38.900249,-106.871974,16-Feb-19,Backcountry Tourer,Ski,2,2,2,https://classic.avalanche.state.co.us/caic/acc/acc_report.php?accfm=inv&acc_id=704,3,2,8:49 AM,Backcountry,SS,SE,9350,37,AS - Skier,u - An unintentional release,O - Within Old Snow,Planar Slope,"Pearl Pass Road, Brush Creek Drainage"
705,inv,published,1,37.90733,-107.81162,19-Feb-19,Backcountry Tourer,Ski,1,1,1,https://classic.avalanche.state.co.us/caic/acc/acc_report.php?accfm=inv&acc_id=705,2,2,10:15 AM,Backcountry,SS,E,11800,35,AR - Snowboarder,u - An unintentional release,O - Within Old Snow,Gully/Couloir,"Temptation avalanche path, Bear Creek, south of Telluride"
707,inv,published,1,37.84356,-107.86456,3-Mar-19,Backcountry Tourer,Ski,1,1,1,https://classic.avalanche.state.co.us/caic/acc/acc_report.php?accfm=inv&acc_id=707,1,2,Unknown,Backcountry,SS,S,11250,--,AS - Skier,u - An unintentional release,I - New/Old Interface,Planar Slope,"Base Camp above Matterhorn Nordic trailhead, northeast of Lizard Head Pass"
709,inv,published,1,39.78113,-105.86643,7-Mar-19,Mechanised Guide,Ski,2,1,1,https://classic.avalanche.state.co.us/caic/acc/acc_report.php?accfm=inv&acc_id=709,4,3.5,1:53 PM,Backcountry,HS,E,12000,38,N -  Natural,--,G - At Ground/Ice/Firm,Planar Slope,"Point 12118, east of Jones Pass"
710,rep,published,1,38.80363,-106.8897,9-Mar-19,Resident,Foot,0,2,1,https://classic.avalanche.state.co.us/caic/acc/acc_report.php?accfm=rep&acc_id=710,,,12:00 AM,Backcountry,R,--,--,--,AF - Foot penetration,u - An unintentional release,--,--,Crested Butte South
711,rep,published,1,38.71552,-107.02881,8-Mar-19,Resident,Foot,0,1,0,https://classic.avalanche.state.co.us/caic/acc/acc_report.php?accfm=rep&acc_id=711,,,12:00 AM,Backcountry,R,--,--,--,N -  Natural,--,--,--,Mount Crested Butte
713,rep,published,1,37.90624,-107.41477,12-Mar-19,Resident,Not Applicable,3,0,0,https://classic.avalanche.state.co.us/caic/acc/acc_report.php?accfm=rep&acc_id=713,,,12:00 AM,Backcountry,--,--,--,--,N -  Natural,--,--,--,"County Road 30, southwest of Lake City"
714,inv,published,1,39.48979,-106.13465,7-Mar-19,Motorist,Road Vehicle,5,0,0,https://classic.avalanche.state.co.us/caic/acc/acc_report.php?accfm=inv&acc_id=714,5,4,3:40 PM,Road/Rail Corridor,HS,W,11900,--,N -  Natural,--,G - At Ground/Ice/Firm,--,"Y Chute, Highway 91 near Copper Mountain"
717,rep,published,1,39.63987,-105.855,23-Mar-19,Backcountry Tourer,Foot,4,0,0,https://classic.avalanche.state.co.us/caic/acc/acc_report.php?accfm=rep&acc_id=717,1,1.5,9:00 AM,Road/Rail Corridor,SS,SW,12600,--,AF - Foot penetration,u - An unintentional release,I - New/Old Interface,Gully/Couloir,"Black Mountain, east of Arapahoe Basin Ski Area"
722,inv,published,1,39.45934,-106.23518,28-Nov-19,Backcountry Tourer,Ski,1,0,0,https://classic.avalanche.state.co.us/caic/acc/acc_report.php?accfm=inv&acc_id=722,2,2,12:00 AM,Backcountry,HS,NE,12000,36,AS - Skier,u - An unintentional release,O - Within Old Snow,Planar Slope,Northwest of Searle Pass
723,inv,published,1,38.83314,-107.10514,1-Dec-19,Backcountry Tourer,Ski,1,0,0,https://classic.avalanche.state.co.us/caic/acc/acc_report.php?accfm=inv&acc_id=723,1,1.5,1:00 PM,Backcountry,SS,N,11100,42,AS - Skier,u - An unintentional release,O - Within Old Snow,"Planar Slope,Sparse Trees","Big Chute, Anthracite Range"
726,inv,published,1,40.51611,-105.90773,8-Dec-19,Backcountry Tourer,Ski,1,1,1,https://classic.avalanche.state.co.us/caic/acc/acc_report.php?accfm=inv&acc_id=726,2,2,1:15 PM,Backcountry,HS,NE,11420,36,AS - Skier,u - An unintentional release,O - Within Old Snow,"Sparse Trees,Gully/Couloir","Diamond Peaks, west of Cameron Pass"
727,inv,published,1,37.893392,-107.697333,30-Nov-19,Hiker,Snowshoe,2,0,0,https://classic.avalanche.state.co.us/caic/acc/acc_report.php?accfm=inv&acc_id=727,3,2,12:00 PM,Backcountry,SS,N,12200,38,AI - Snowshoer,u - An unintentional release,G - At Ground/Ice/Firm,--,"Lower Putney Shoulder, east of Red Mountain Pass"
729,rep,published,1,40.45593,-106.73999,15-Dec-19,Inbounds Rider,Snowboard,2,1,0,https://classic.avalanche.state.co.us/caic/acc/acc_report.php?accfm=rep&acc_id=729,,2,12:58 PM,Backcountry,--,NE,10000,--,AR - Snowboarder,--,O - Within Old Snow,--,"Mount Werner, between Chute 1 and 2"
737,inv,published,1,37.983432,-107.655867,18-Jan-20,Climber,Foot,1,1,1,https://classic.avalanche.state.co.us/caic/acc/acc_report.php?accfm=inv&acc_id=737,1,1,10:45 AM,--,I,SE,8800,--,N -  Natural,--,G - At Ground/Ice/Firm,--,"Uncompahgre Gorge, south of Ouray"
740,inv,published,1,39.781905,-105.86957,24-Jan-20,Backcountry Tourer,Ski,1,0,0,https://classic.avalanche.state.co.us/caic/acc/acc_report.php?accfm=inv&acc_id=740,2,2,2:30 PM,Backcountry,HS,SE,11640,38,AS - Skier,u - An unintentional release,O - Within Old Snow,"Convex Slope,Sparse Trees","East face of Point 12118, Jones Pass"
741,inv,published,1,40.31048,-105.67456,22-Jan-20,Backcountry Tourer,Ski,1,0,0,https://classic.avalanche.state.co.us/caic/acc/acc_report.php?accfm=inv&acc_id=741,2,1.5,12:00 PM,Backcountry,SS,SE,11200,45,N -  Natural,--,O - Within Old Snow,--,"Above Emerald Lake, Rocky Mountain National Park"
742,inv,published,1,40.31153,-105.67369,19-Jan-20,Climber,Foot,1,0,0,https://classic.avalanche.state.co.us/caic/acc/acc_report.php?accfm=inv&acc_id=742,2,1.5,10:00 AM,Backcountry,SS,SE,11000,45,AF - Foot penetration,u - An unintentional release,O - Within Old Snow,Unsupported Slope,"Above Emerald Lake, Rocky Mountain National Park"
744,inv,published,1,39.6897,-106.4702,15-Feb-20,Snowmobiler,Snowmobile,3,2,2,https://classic.avalanche.state.co.us/caic/acc/acc_report.php?accfm=inv&acc_id=744,3,2,2:45 PM,Backcountry,HS,NE,9800,37,AV - Vehicle (specify vehicle type in comments),u - An unintentional release,O - Within Old Snow,Sparse Trees,"South Fork of Dickson Creek, east of Red and White Mountain"
746,inv,published,1,39.27221,-106.2056,11-Feb-20,Snowmobiler,Snowmobile,1,0,0,https://classic.avalanche.state.co.us/caic/acc/acc_report.php?accfm=inv&acc_id=746,2,2,Unknown,Backcountry,SS,--,--,--,AM - Snowmobile,u - An unintentional release,O - Within Old Snow,--,"Birdseye Gulch, southwest of Mosquito Pass"
750,inv,published,1,37.84525,-107.82146,24-Mar-20,Backcountry Tourer,Snowboard,1,0,0,https://classic.avalanche.state.co.us/caic/acc/acc_report.php?accfm=inv&acc_id=750,3,2,1:30 PM,Backcountry,SS,NW,11500,40,AR - Snowboarder,u - An unintentional release,O - Within Old Snow,"Planar Slope,Sparse Trees","Waterfall Canyon, south of Ophir"
751,inv,published,1,37.72295,-108.008581,31-Mar-20,Backcountry Tourer,Ski,1,0,0,https://classic.avalanche.state.co.us/caic/acc/acc_report.php?accfm=inv&acc_id=751,3,2,11:00 AM,Backcountry,SS,NE,11500,34,AS - Skier,u - An unintentional release,O - Within Old Snow,Sparse Trees,"Telescope Mountain, northeast of Rico"
753,inv,published,1,37.8503,-107.8463,20-Mar-20,Backcountry Tourer,Snowboard,2,0,0,https://classic.avalanche.state.co.us/caic/acc/acc_report.php?accfm=inv&acc_id=753,2,2,1:30 PM,Backcountry,SS,N,11000,37,AR - Snowboarder,u - An unintentional release,O - Within Old Snow,"Sparse Trees,Dense Trees",North of Yellow Mountain
754,inv,published,1,39.67635,-105.92766,25-Mar-20,Backcountry Tourer,Snowboard,0,0,0,https://classic.avalanche.state.co.us/caic/acc/acc_report.php?accfm=inv&acc_id=754,3,3,5:00 PM,Backcountry,HS,W,12200,34,AR - Snowboarder,--,O - Within Old Snow,--,"West Portal, Eisenhower Johnson Memorial Tunnels"
756,inv,published,1,39.0915,-106.5618,7-Apr-20,Snowmobiler,Snowmobile,1,0,0,https://classic.avalanche.state.co.us/caic/acc/acc_report.php?accfm=inv&acc_id=756,2,2,4:00 PM,Backcountry,HS,NW,12124,35,AM - Snowmobile,u - An unintentional release,O - Within Old Snow,"Sparse Trees,Gully/Couloir",Mountain Boy Gulch south of Independence Pass
757,inv,published,1,39.645742,-106.156128,15-Apr-20,Backcountry Tourer,Ski,2,0,1,https://classic.avalanche.state.co.us/caic/acc/acc_report.php?accfm=inv&acc_id=757,2,2,1:00 PM,Backcountry,SS,N,12680,--,AS - Skier,u - An unintentional release,I - New/Old Interface,Gully/Couloir,"Point 12885 near Red Peak, west of Silverthorne"
758,inv,published,1,38.897606,-107.025938,28-Apr-20,Backcountry Tourer,Ski,1,0,1,https://classic.avalanche.state.co.us/caic/acc/acc_report.php?accfm=inv&acc_id=758,1,2,10:45 AM,Backcountry,WS,NE,10300,45,AS - Skier,u - An unintentional release,O - Within Old Snow,"Convex Slope,Sparse Trees,Dense Trees","Mount Emmons, west of Crested Butte"
759,inv,published,1,38.043209,-105.581313,2-May-20,Climber,Foot,1,0,0,https://classic.avalanche.state.co.us/caic/acc/acc_report.php?accfm=inv&acc_id=759,1,2,2:45 PM,Backcountry,WL,SE,12400,36,AF - Foot penetration,u - An unintentional release,O - Within Old Snow,Gully/Couloir,"Horn Peak, Sangre de Cristo Mountains"
760,inv,published,1,39.12912,-106.87496,17-Apr-20,Backcountry Tourer,Ski,1,0,0,https://classic.avalanche.state.co.us/caic/acc/acc_report.php?accfm=inv&acc_id=760,1,2,9:50 AM,Ski Area - closed area,SS,NE,12000,42,AS - Skier,u - An unintentional release,I - New/Old Interface,Planar Slope,"Highlands Bowl, Highlands Peak"
761,inv,published,1,38.9375,-106.9847,15-Dec-20,Backcountry Tourer,Snowboard,1,0,0,https://classic.avalanche.state.co.us/caic/acc/acc_report.php?accfm=inv&acc_id=761,2,2,12:00 AM,Backcountry,SS,NE,10000,42,AR - Snowboarder,u - An unintentional release,O - Within Old Snow,Planar Slope,Snodgrass Mountain
762,inv,published,1,38.8364,-107.0959,18-Dec-20,Backcountry Tourer,Ski,1,1,1,https://classic.avalanche.state.co.us/caic/acc/acc_report.php?accfm=inv&acc_id=762,2,2,12:30 PM,Backcountry,SS,NE,10535,35,AS - Skier,--,O - Within Old Snow,"Planar Slope,Sparse Trees","Near Ohio Pass, Anthracite Range"
764,inv,published,1,37.8353,-107.74938,19-Dec-20,Backcountry Tourer,Ski,2,1,2,https://classic.avalanche.state.co.us/caic/acc/acc_report.php?accfm=inv&acc_id=764,2,2.5,Unknown,Backcountry,SS,NW,11155,30,AS - Skier,u - An unintentional release,O - Within Old Snow,Sparse Trees,"North Face of Battleship, southeast of Ophir"
766,inv,published,1,39.8261,-105.772,26-Dec-20,Backcountry Tourer,Ski,1,1,1,https://classic.avalanche.state.co.us/caic/acc/acc_report.php?accfm=inv&acc_id=766,2,1.5,3:00 PM,Backcountry,SS,N,11050,40,AS - Skier,--,G - At Ground/Ice/Firm,"Dense Trees,Gully/Couloir","First Creek, north of Berthoud Pass"
767,inv,published,1,39.82775,-106.40871,20-Dec-20,Snowmobiler,Snowmobile,1,0,0,https://classic.avalanche.state.co.us/caic/acc/acc_report.php?accfm=inv&acc_id=767,2,2,Unknown,Backcountry,SS,E,11200,--,AM - Snowmobile,u - An unintentional release,O - Within Old Snow,--,"Elliot's Ridge, south of Kremmling"
770,inv,published,1,37.84578,-107.76883,1-Feb-21,Backcountry Tourer,Ski,4,3,3,https://classic.avalanche.state.co.us/caic/acc/acc_report.php?accfm=inv&acc_id=770,3,2.5,3:20 PM,Backcountry,SS,NE,12130,40,AS - Skier,u - An unintentional release,O - Within Old Snow,Planar Slope,"The Nose, Middle Fork Mineral Creek southeast of Ophir"
774,inv,published,1,39.6059,-106.2956,4-Feb-21,Sidecountry Rider,Ski,2,1,1,https://classic.avalanche.state.co.us/caic/acc/acc_report.php?accfm=inv&acc_id=774,3,2,11:10 AM,Accessed BC from Ski Area,SS,E,11450,38,AS - Skier,u - An unintentional release,O - Within Old Snow,Planar Slope,"Marvins West, East Vail backcountry southeast of Vail"
779,rep,published,1,39.6191,-106.2912,13-Feb-21,Sidecountry Rider,Snowboard,0,1,0,https://classic.avalanche.state.co.us/caic/acc/acc_report.php?accfm=rep&acc_id=779,,2,11:00 AM,Accessed BC from Ski Area,HS,NE,10000,35,AR - Snowboarder,u - An unintentional release,Unknown,"Sparse Trees,Gully/Couloir",East Vail backcountry southeast of Vail
781,inv,published,1,39.924,-105.6904,14-Feb-21,Snowmobiler,Snowmobile,1,0,1,https://classic.avalanche.state.co.us/caic/acc/acc_report.php?accfm=inv&acc_id=781,3,2,Unknown,Backcountry,HS,E,11500,35,AM - Snowmobile,u - An unintentional release,G - At Ground/Ice/Firm,--,"Pumphouse Lake, southwest of Rollins Pass"
783,inv,published,1,39.6927,-105.8909,14-Feb-21,Backcountry Tourer,Snowboard,1,0,1,https://classic.avalanche.state.co.us/caic/acc/acc_report.php?accfm=inv&acc_id=783,4,3,8:45 AM,Backcountry,HS,E,12267,35,AR - Snowboarder,u - An unintentional release,G - At Ground/Ice/Firm,Planar Slope,"Near Mount Trelease, north of Loveland Pass"
784,inv,published,1,40.3544,-105.96973,16-Feb-21,Snowmobiler,Snowmobile,2,1,1,https://classic.avalanche.state.co.us/caic/acc/acc_report.php?accfm=inv&acc_id=784,4,3,3:00 PM,Backcountry,HS,NE,11400,37,AM - Snowmobile,u - An unintentional release,O - Within Old Snow,"Planar Slope,Sparse Trees","West of Ruby Mountain, southeast of Rand"
793,inv,published,1,39.5776,-106.5548,22-Mar-21,Sidecountry Rider,Ski,2,1,1,https://classic.avalanche.state.co.us/caic/acc/acc_report.php?accfm=inv&acc_id=793,1,2,2:00 PM,Accessed BC from Ski Area,SS,NW,9763,45,AS - Skier,u - An unintentional release,G - At Ground/Ice/Firm,Gully/Couloir,Lime Creek south of Edwards
796,rep,published,1,39.64274,-105.81975,6-Jun-21,Climber,Foot,1,0,0,https://classic.avalanche.state.co.us/caic/acc/acc_report.php?accfm=rep&acc_id=796,2,1,2:00 PM,Accessed BC from Ski Area,WL,--,13500,40,N -  Natural,--,O - Within Old Snow,Gully/Couloir,Torreys Peak
799,inv,published,1,40.511046,-105.8901449,24-Dec-21,Backcountry Tourer,Ski,1,1,1,https://classic.avalanche.state.co.us/caic/acc/acc_report.php?accfm=inv&acc_id=799,2,2,1:30 PM,Backcountry,SS,E,10500,38,AS - Skier,u - An unintentional release,O - Within Old Snow,Convex Slope,"Diamond Peaks, Cameron Pass"
801,inv,published,1,39.371,-106.0709,8-Jan-22,Hiker,Snowshoe,2,2,2,https://classic.avalanche.state.co.us/caic/acc/acc_report.php?accfm=inv&acc_id=801,3,2,Unknown,Backcountry,HS,E,11800,35,AI - Snowshoer,u - An unintentional release,O - Within Old Snow,Concave Slope,"North Star Mountain, Hoosier Pass"
805,inv,published,1,39.6479958,-105.8571459,13-Feb-22,Backcountry Tourer,Ski,1,0,0,https://classic.avalanche.state.co.us/caic/acc/acc_report.php?accfm=inv&acc_id=805,2,2,12:00 PM,Backcountry,HS,SW,12400,35,AS - Skier,u - An unintentional release,I - New/Old Interface,"Planar Slope,Unsupported Slope","Point 12936, southeast of Loveland Pass"
807,inv,published,1,39.0623641,-107.1754195,25-Feb-22,Resident,Snowshoe,3,1,1,https://classic.avalanche.state.co.us/caic/acc/acc_report.php?accfm=inv&acc_id=807,2,2,12:00 PM,Backcountry,SS,W,8200,39,AI - Snowshoer,u - An unintentional release,I - New/Old Interface,"Planar Slope,Gully/Couloir",Yule Creek
808,inv,published,1,37.37323,-108.09593,26-Feb-22,Backcountry Tourer,Ski,1,0,0,https://classic.avalanche.state.co.us/caic/acc/acc_report.php?accfm=inv&acc_id=808,3,2.5,12:17 PM,Backcountry,SS,NE,11200,38,AS - Skier,u - An unintentional release,I - New/Old Interface,"Sparse Trees,Dense Trees,Gully/Couloir","Parrott Peak, La Plata Mountains"
809,inv,published,1,39.66735,-106.27037,30-Jan-22,Backcountry Tourer,Snowboard,1,0,0,https://classic.avalanche.state.co.us/caic/acc/acc_report.php?accfm=inv&acc_id=809,2,3,Unknown,Backcountry,HS,NW,11700,38,AR - Snowboarder,u - An unintentional release,O - Within Old Snow,Planar Slope,"Pitkin Creek, Gore Range"
810,inv,published,1,40.5164092,-105.9063578,6-Mar-22,Backcountry Tourer,Ski,1,0,0,https://classic.avalanche.state.co.us/caic/acc/acc_report.php?accfm=inv&acc_id=810,2,2,Unknown,Backcountry,SS,NE,11400,--,AS - Skier,u - An unintentional release,Unknown,--,"Diamond Peaks, Cameron Pass"
814,inv,published,1,37.81073,-107.83266,17-Mar-22,Backcountry Tourer,Snowboard,1,1,1,https://classic.avalanche.state.co.us/caic/acc/acc_report.php?accfm=inv&acc_id=814,3,2.5,2:00 PM,Backcountry,SS,NW,12650,42,AR - Snowboarder,u - An unintentional release,O - Within Old Snow,"Unsupported Slope,Gully/Couloir","Pilot Knob, east of Lizard Head Pass"
816,inv,published,1,38.4850018,-106.3070396,10-Mar-22,Backcountry Tourer,Ski,2,0,0,https://classic.avalanche.state.co.us/caic/acc/acc_report.php?accfm=inv&acc_id=816,3,2,4:30 PM,Backcountry,HS,N,11400,40,AS - Skier,u - An unintentional release,O - Within Old Snow,Sparse Trees,"Mount Peck, southeast of Monarch Pass"
817,inv,published,1,37.8839182,-107.6735635,10-Mar-22,Backcountry Tourer,Ski,1,1,0,https://classic.avalanche.state.co.us/caic/acc/acc_report.php?accfm=inv&acc_id=817,2,2,11:30 AM,Backcountry,HS,--,10900,40,AS - Skier,u - An unintentional release,O - Within Old Snow,--,"Prospect Gulch, north of Silverton"
818,inv,published,1,37.89323,-107.71173,10-Mar-22,Backcountry Tourer,Ski,1,1,0,https://classic.avalanche.state.co.us/caic/acc/acc_report.php?accfm=inv&acc_id=818,2,1.5,12:00 PM,Backcountry,SS,W,11183,40,AS - Skier,u - An unintentional release,O - Within Old Snow,Convex Slope,Southeast of Red Mountain Pass
819,inv,published,1,40.50566,-106.72047,19-Mar-22,Backcountry Tourer,Ski,1,0,1,https://classic.avalanche.state.co.us/caic/acc/acc_report.php?accfm=inv&acc_id=819,2,2,12:00 AM,Backcountry,SS,NW,9750,35,AS - Skier,u - An unintentional release,O - Within Old Snow,Sparse Trees,"North Fork of Fish Creek, near Steamboat Springs"
820,inv,published,1,39.02353,-106.78922,24-Mar-22,Backcountry Tourer,Ski,1,0,0,https://classic.avalanche.state.co.us/caic/acc/acc_report.php?accfm=inv&acc_id=820,3,2,1:45 PM,Backcountry,SS,N,11700,43,AS - Skier,u - An unintentional release,O - Within Old Snow,"Sparse Trees,Dense Trees","Green Mountain, east of Ashcroft"
822,inv,published,1,40.25337,-105.600944,29-May-22,Climber,Foot,3,1,1,https://classic.avalanche.state.co.us/caic/acc/acc_report.php?accfm=inv&acc_id=822,3,3,12:00 AM,Backcountry,WL,N,12433,40,N -  Natural,--,O - Within Old Snow,Gully/Couloir,"Mount Meeker, Rocky Mountain National Park"
824,inv,published,1,39.00081,-106.82373,27-Oct-22,Backcountry Tourer,Ski,1,0,0,https://classic.avalanche.state.co.us/caic/acc/acc_report.php?accfm=inv&acc_id=824,1,2,8:50 AM,Backcountry,SS,N,12450,42,AS - Skier,u - An unintentional release,G - At Ground/Ice/Firm,Gully/Couloir,"Greg Mace Peak, south of Ashcroft"
825,inv,published,1,39.802025,-105.781271,26-Dec-22,Backcountry Tourer,Snowboard,4,2,1,https://classic.avalanche.state.co.us/caic/acc/acc_report.php?accfm=inv&acc_id=825,2,2,12:40 PM,Backcountry,SS,E,11600,38,AR - Snowboarder,u - An unintentional release,G - At Ground/Ice/Firm,"Unsupported Slope,Sparse Trees,Gully/Couloir","Nitro Chute, north of Berthoud Pass"
826,inv,published,1,39.4521,-106.0758069,31-Dec-22,Sidecountry Rider,Ski,2,1,1,https://classic.avalanche.state.co.us/caic/acc/acc_report.php?accfm=inv&acc_id=826,3,2,12:30 PM,Backcountry,SS,SE,11600,35,AS - Skier,u - An unintentional release,G - At Ground/Ice/Firm,"Planar Slope,Sparse Trees","Number 5, Carter Gulch southwest of Breckenridge"
827,rep,published,1,39.9245192,-105.6912625,7-Jan-23,Snowmobiler,Snowmobile,0,2,2,https://classic.avalanche.state.co.us/caic/acc/acc_report.php?accfm=rep&acc_id=827,2,2,12:00 AM,Backcountry,SS,E,11600,35,AM - Snowmobile,u - An unintentional release,G - At Ground/Ice/Firm,--,"Pumphouse Lake, southwest of Rollins Pass"
831,inv,published,1,37.3689262,-107.5720981,25-Feb-23,Backcountry Tourer,Ski,2,2,2,https://classic.avalanche.state.co.us/caic/acc/acc_report.php?accfm=rep&acc_id=831,2,2,Unknown,Backcountry,--,NW,8400,38,AS - Skier,u - An unintentional release,--,--,South of Vallecito Reservoir
832,inv,published,1,37.07843,-106.41289,25-Feb-23,Snowmobiler,Snowmobile,1,1,1,https://classic.avalanche.state.co.us/caic/acc/acc_report.php?accfm=rep&acc_id=832,3,2.5,12:00 AM,Backcountry,HS,SE,10600,35,AM - Snowmobile,--,O - Within Old Snow,Planar Slope,"Red Lakes Trailhead, near La Manga Pass"
837,rep,published,1,39.0497063,-107.2771275,17-Mar-23,Backcountry Tourer,Ski,2,1,1,https://classic.avalanche.state.co.us/caic/acc/acc_report.php?accfm=rep&acc_id=837,,,12:00 AM,Backcountry,--,E,--,--,--,--,--,--,"Rapid Creek, southwest of Marble"
838,rep,published,1,39.1353071,-106.8773273,19-Mar-23,Sidecountry Rider,Ski,2,1,1,https://classic.avalanche.state.co.us/caic/acc/acc_report.php?accfm=rep&acc_id=838,2,3,12:00 AM,Backcountry,HS,NW,11500,--,AS - Skier,u - An unintentional release,G - At Ground/Ice/Firm,--,"Maroon Bowl, northwest of Highland Peak"
849,inv,published,1,37.80179,-107.59252,28-Apr-23,Backcountry Tourer,Ski,1,0,0,https://classic.avalanche.state.co.us/caic/acc/acc_report.php?accfm=inv&acc_id=849,1,1.5,12:00 PM,Backcountry,SS,NE,13000,45,AS - Skier,u - An unintentional release,I - New/Old Interface,Planar Slope,"King Solomon Mountain, east of Silverton"
845,inv,published,1,39.445508,-105.9597,29-Apr-23,Backcountry Tourer,Ski,1,1,1,https://classic.avalanche.state.co.us/caic/acc/acc_report.php?accfm=inv&acc_id=845,1,2,11:30 AM,Backcountry,SS,E,13500,45,AS - Skier,u - An unintentional release,I - New/Old Interface,Planar Slope,"Bald Mountain, southeast of Breckenridge"
